Hero;Bad against;Good against;Works well with
Abaddon;Ancient Apparition, Axe, Brewmaster, Doom, Lina, Outworld Destroyer, Shadow Demon;Death Prophet, Mirana, Bane, Batrider, Beastmaster, Chen, Techies, Bloodseeker, Necrophos, Nyx Assassin;Storm Spirit, Phantom Assassin, Io, Axe, Legion Commander, Centaur Warrunner, Oracle
Alchemist;Ancient Apparition, Enchantress, Invoker, Kunkka, Lifestealer, Necrophos, Slardar, Slark, Ursa, Ember Spirit, Razor;Broodmother, Nature's Prophet, Phoenix, Undying, Huskar;Oracle
Ancient Apparition;Anti-Mage, Brewmaster, Lycan, Mirana, Oracle, Phantom Lancer, Phoenix, Terrorblade, Viper, Void Spirit, Weaver;Abaddon, Alchemist, Chen, Crystal Maiden, Dazzle, Death Prophet, Huskar, Io, Morphling, Snapfire, Winter Wyvern;Bloodseeker, Faceless Void, Meepo, Necrophos, Oracle, Shadow Demon, Slark, Venomancer, Winter Wyvern
Anti-Mage;Axe, Bane, Terrorblade, Disruptor, Doom, Grimstroke, Legion Commander, Meepo, Night Stalker, Outworld Destroyer, Puck, Phantom Lancer, Phantom Assassin, Slardar, Slark, Shadow Demon, Templar Assassin, Troll Warlord, Viper;Ancient Apparition, Abaddon, Arc Warden, Bristleback, Clockwerk, Elder Titan, Medusa, Ogre Magi, Phoenix, Pugna, Rubick, Spectre, Storm Spirit, Tidehunter, Undying, Venomancer, Wraith King, Zeus;Bane, Bounty Hunter, Dazzle, Dark Seer, Lion, Magnus, Oracle, Shadow Demon, Slardar, Treant Protector
Arc Warden;Broodmother, Anti-Mage, Axe, Bristleback, Chaos Knight, Meepo, Naga Siren, Riki, Phantom Lancer;Legion Commander, Mirana, Terrorblade, Phoenix, Sniper, Templar Assassin, Drow Ranger, Enchantress;Ancient Apparition
Axe;Doom, Jakiro, Lifestealer, Necrophos, Outworld Destroyer, Phoenix, Pugna, Shadow Demon, Spectre, Timbersaw, Ursa, Undying, Venomancer, Viper;Abaddon, Anti-Mage, Broodmother, Chaos Knight, Dazzle, Huskar, Morphling, Nature's Prophet, Phantom Assassin, Phantom Lancer, Slark, Terrorblade, Troll Warlord, Weaver;Ancient Apparition, Dark Seer, Dazzle, Enigma, Disruptor, Magnus, Phoenix, Sand King, Skywrath Mage, Tiny, Venomancer, Witch Doctor
Bane;Abaddon, Pudge, Luna, Rubick, Slark;Faceless Void, Legion Commander, Medusa, Phantom Assassin;Grimstroke, Kunkka, Mirana, Omniknight, Pudge, Skywrath Mage
Batrider;Abaddon, Kunkka, Legion Commander, Nyx Assassin, Oracle, Tidehunter, Ursa, Vengeful Spirit, Venomancer, Weaver, Slark;Chen, Meepo, Monkey King, Naga Siren, Techies, Templar Assassin, Treant Protector;Ursa, Pugna, Skywrath Mage, Pudge
Beastmaster;Abaddon, Crystal Maiden, Enchantress, Earthshaker, Keeper of the Light, Oracle, Timbersaw, Winter Wyvern;Monkey King, Phoenix, Sven, Templar Assassin, Tinker, Tiny, Troll Warlord, Ursa, Wraith King;Lifestealer, Nature's Prophet, Phantom Assassin, Spirit Breaker, Sven, Tinker, Tiny, Underlord, Ursa
Bloodseeker;Abaddon, Dazzle, Ember Spirit, Faceless Void, Medusa, Morphling, Omniknight, Storm Spirit, Techies, Tinker, Troll Warlord, Underlord, Wraith King;Anti-Mage, Clinkz, Huskar, Lycan, Meepo, Mirana, Pangolier, Phoenix, Queen of Pain, Riki, Slark, Sniper, Timbersaw, Vengeful Spirit, Weaver, Windranger;Ancient Apparition, Batrider, Bounty Hunter, Earthshaker, Earth Spirit, Invoker, Jakiro, Magnus, Nature's Prophet, Phoenix, Queen of Pain, Venomancer, Warlock, Zeus
Bounty Hunter;Bloodseeker, Death Prophet, Luna, Rubick, Slardar, Spectre, Spirit Breaker, Venomancer, Viper, Zeus;Sniper, Nyx Assassin, Shadow Fiend, Pudge;Invoker, Nature's Prophet, Tinker, Spectre, Zeus
Brewmaster;Bane, Death Prophet, Lion, Outworld Destroyer, Shadow Shaman, Skywrath Mage;Abaddon, Chaos Knight, Huskar, Lone Druid, Lycan, Templar Assassin, Ursa;Dazzle, Oracle, Tiny, Invoker
Bristleback;Anti-Mage, Doom, Faceless Void, Grimstroke, Hoodwink, Legion Commander, Lich, Lion, Necrophos, Outworld Destroyer, Razor, Silencer, Slardar, Timbersaw, Viper, Weaver;Arc Warden, Broodmother, Chaos Knight, Huskar, Jakiro, Luna, Lycan, Meepo, Phantom Lancer, Pudge, Riki, Rubick, Sand King;Crystal Maiden, Dazzle, Drow Ranger, Keeper of the Light, Skywrath Mage, Venomancer
Broodmother;Bristleback, Dark Seer, Dragon Knight, Legion Commander, Lina, Meepo, Necrophos, Pangolier, Sand King, Sven, Tidehunter, Timbersaw, Void Spirit;Chen, Drow Ranger, Enchantress, Medusa, Nature's Prophet, Phantom Assassin, Sniper, Treant Protector;Beastmaster, Dazzle, Lifestealer
Centaur Warrunner;Clockwerk, Disruptor, Kunkka, Lifestealer, Necrophos, Nyx Assassin, Templar Assassin;Arc Warden, Doom, Nyx Assassin, Phantom Assassin, Phantom Lancer, Sniper, Windranger;Abaddon, Dark Seer, Mirana, Sven, Tusk, Tiny, Vengeful Spirit, Grimstroke
Chaos Knight;Anti-Mage, Abaddon, Tinker, Axe, Lion, Brewmaster, Dragon Knight, Earthshaker, Enigma, Jakiro, Lich, Magnus, Monkey King, Phantom Lancer, Omniknight, Pugna, Sand King, Sven, Tidehunter, Timbersaw, Winter Wyvern, Witch Doctor, Puck;Bane, Bounty Hunter, Disruptor, Lone Druid, Pudge, Rubick, Silencer, Slark, Techies, Ursa, Viper;Crystal Maiden, Keeper of the Light, Morphling, Shadow Demon
Chen;Crystal Maiden, Enchantress, Earthshaker, Legion Commander, Sven, Lina, Luna, Monkey King, Venomancer, Jakiro, Sand King, Timbersaw, Necrophos, Death Prophet, Dark Seer, Broodmother, Alchemist, Razor, Phoenix, Elder Titan, Batrider, Ancient Apparition, Underlord;Techies, Arc Warden, Beastmaster, Clockwerk, Pudge, Bane, Shadow Shaman;Vengeful Spirit, Lycan
Clinkz;Bloodseeker, Bounty Hunter, Doom, Enchantress, Lion, Morphling, Slardar, Spectre, Spirit Breaker, Treant Protector, Winter Wyvern, Zeus;Anti-Mage, Ember Spirit, Huskar, Nature's Prophet, Viper;Drow Ranger, Omniknight, Vengeful Spirit
Clockwerk;Anti-Mage, Chen, Clinkz, Dazzle, Disruptor, Ember Spirit, Huskar, Juggernaut, Lifestealer, Morphling, Omniknight, Phantom Lancer, Phoenix, Queen of Pain, Terrorblade, Ursa, Visage;Earthshaker, Enigma, Drow Ranger, Legion Commander, Monkey King, Pudge, Pugna, Sniper, Spirit Breaker, Tinker, Windranger;Dark Seer, Invoker, Lifestealer, Mirana, Shadow Demon
Crystal Maiden;Bounty Hunter, Bristleback, Clockwerk, Doom, Earth Spirit, Jakiro, Legion Commander, Luna, Naga Siren, Nyx Assassin, Tidehunter, Tusk, Visage;Slark, Phantom Assassin, Templar Assassin;Juggernaut, Timbersaw, Sven
Dark Seer;Anti-Mage, Bloodseeker, Ember Spirit, Kunkka, Oracle, Sniper;Broodmother, Templar Assassin, Treant Protector, Meepo, Terrorblade, Venomancer;Bounty Hunter, Elder Titan, Enigma, Riki, Sven, Venomancer
Dark Willow;Anti-Mage, Axe, Bristleback, Drow Ranger, Ember Spirit, Juggernaut, Lifestealer, Nyx Assassin, Oracle, Puck, Pudge, Riki, Silencer, Storm Spirit;Bloodseeker, Faceless Void, Monkey King, Meepo, Spirit Breaker, Timbersaw, Troll Warlord, Windranger;Mars, Rubick, Ember Spirit, Invoker, Juggernaut, Lina, Mirana, Phoenix, Puck, Warlock, Weaver, Axe
Dawnbreaker;Viper, Nyx Assassin, Disruptor;Nature's Prophet;
Dazzle;Ancient Apparition, Axe, Naga Siren, Outworld Destroyer, Phantom Lancer, Silencer, Doom;Clockwerk, Necrophos, Venomancer;Brewmaster, Broodmother, Huskar, Meepo, Naga Siren, Phantom Lancer
Death Prophet;Ancient Apparition, Anti-Mage, Doom, Legion Commander, Omniknight, Shadow Fiend;Zeus, Invoker, Morphling, Timbersaw, Nature's Prophet;Enigma, Faceless Void
Disruptor;Abaddon, Kunkka, Juggernaut, Lifestealer, Omniknight, Phantom Lancer, Pugna, Sniper, Viper;Anti-Mage, Io, Queen of Pain, Slark, Storm Spirit, Tidehunter;Zeus, Anti-Mage, Keeper of the Light, Warlock, Clinkz
Doom;Alchemist, Centaur Warrunner, Drow Ranger, Lifestealer, Lone Druid, Medusa, Necrophos, Phantom Lancer, Sniper, Viper, Wraith King;Axe, Timbersaw, Anti-Mage, Bristleback, Tidehunter, Ember Spirit, Invoker, Omniknight, Tinker, Elder Titan, Faceless Void, Pudge, Spectre, Arc Warden;Ancient Apparition, Crystal Maiden, Grimstroke, Sven, Bane
Dragon Knight;Ancient Apparition, Bristleback, Drow Ranger, Lich, Necrophos, Ursa, Outworld Destroyer, Razor, Timbersaw, Viper;Bloodseeker, Clinkz, Nyx Assassin, Riki, Spirit Breaker, Templar Assassin, Witch Doctor;Chen, Crystal Maiden, Enigma, Magnus, Medusa, Treant Protector, Vengeful Spirit
Drow Ranger;Faceless Void, Tinker, Arc Warden, Tusk, Axe, Clockwerk, Chaos Knight, Huskar, Lycan, Nyx Assassin, Omniknight, Phantom Lancer, Pudge, Razor, Riki, Slark, Sniper;Ember Spirit, Dragon Knight, Juggernaut, Anti-Mage, Weaver, Mirana, Monkey King, Rubick;Visage, Windranger, Vengeful Spirit, Medusa, Enigma, Clockwerk
Earth Spirit;Abaddon, Lycan, Techies, Slark;Pudge, Tinker, Invoker, Templar Assassin, Enigma;Alchemist, Bloodseeker, Dark Seer, Faceless Void, Lifestealer, Techies
Earthshaker;Clockwerk, Death Prophet, Disruptor, Earth Spirit, Jakiro, Lifestealer, Necrophos, Outworld Destroyer, Puck, Razor, Skywrath Mage, Sniper, Spectre, Templar Assassin, Venomancer, Viper, Zeus;Broodmother, Chaos Knight, Enigma, Legion Commander, Meepo, Naga Siren, Nature's Prophet, Phantom Lancer, Spirit Breaker;Dark Seer, Enigma, Magnus, Naga Siren, Puck, Sand King
Elder Titan;Brewmaster, Clockwerk, Lich, Lion, Sven, Juggernaut, Enchantress, Earthshaker;Meepo, Morphling, Phantom Lancer, Slark, Terrorblade, Viper;Disruptor, Faceless Void, Kunkka, Slardar, Luna
Ember Spirit;Lion, Shadow Fiend, Silencer, Storm Spirit, Faceless Void, Omniknight, Outworld Destroyer, Nyx Assassin, Kunkka;Bloodseeker, Meepo, Chaos Knight, Terrorblade, Crystal Maiden, Nature's Prophet, Phantom Lancer;Magnus, Keeper of the Light, Dazzle, Faceless Void
Enchantress;Razor, Broodmother, Chen, Crystal Maiden, Juggernaut, Lina, Luna, Meepo, Nyx Assassin, Riki, Timbersaw, Troll Warlord, Venomancer, Windranger;Ember Spirit, Lycan, Omniknight, Spirit Breaker, Lifestealer, Sven, Beastmaster, Ursa;Legion Commander, Lich, Io, Warlock
Enigma;Abaddon, Anti-Mage, Bloodseeker, Bristleback, Clinkz, Clockwerk, Doom, Keeper of the Light, Luna, Medusa, Pudge, Pugna, Riki, Rubick, Silencer, Sniper, Spectre, Storm Spirit, Vengeful Spirit, Warlock, Winter Wyvern, Wraith King, Zeus, Tidehunter;Chaos Knight, Crystal Maiden, Huskar, Juggernaut, Lifestealer, Monkey King, Naga Siren, Omniknight;Ancient Apparition, Lich, Axe, Crystal Maiden, Dark Seer, Dazzle, Earthshaker, Magnus, Naga Siren, Outworld Destroyer, Phoenix, Sand King, Treant Protector, Warlock, Witch Doctor
Faceless Void;Abaddon, Brewmaster, Earth Spirit, Monkey King, Kunkka, Grimstroke, Night Stalker, Phoenix, Pudge, Shadow Demon, Sven, Vengeful Spirit;Anti-Mage, Lifestealer, Bloodseeker, Bristleback, Invoker, Mars, Morphling, Necrophos, Queen of Pain, Razor, Rubick, Slark, Storm Spirit, Weaver;Dark Seer, Disruptor, Enigma, Invoker, Jakiro, Kunkka, Lich, Outworld Destroyer, Phoenix, Sniper, Witch Doctor
Grimstroke;Huskar, Omniknight, Phoenix, Riki, Rubick, Shadow Demon, Silencer, Sniper, Vengeful Spirit;Broodmother, Crystal Maiden, Io, Necrophos, Phantom Lancer, Terrorblade, Timbersaw, Weaver;Doom, Bane, Bloodseeker, Bounty Hunter, Crystal Maiden, Lich, Lion, Lina, Necrophos, Phoenix, Pugna, Slark, Witch Doctor
Gyrocopter;Anti-Mage, Arc Warden, Huskar, Faceless Void, Juggernaut, Lina, Lifestealer, Omniknight, Queen of Pain, Timbersaw;Meepo, Undying, Phantom Lancer, Chaos Knight, Terrorblade;Bloodseeker, Disruptor, Earthshaker, Enigma, Magnus, Morphling, Rubick, Warlock
Hoodwink;Storm Spirit, Timbersaw, Treant Protector, Vengeful Spirit, Warlock, Slark, Windranger, Zeus, Techies, Clinkz, Nyx Assassin;Abaddon, Bristleback, Huskar, Lion, Monkey King, Phantom Assassin, Phantom Lancer, Morphling;Elder Titan, Monkey King, Nature's Prophet, Windranger, Invoker, Disruptor, Pugna, Sand King
Huskar;Abaddon, Alchemist, Ancient Apparition, Axe, Bristleback, Enchantress, Bloodseeker, Juggernaut, Lifestealer, Naga Siren, Slardar, Ursa, Viper, Windranger, Necrophos;Weaver, Clockwerk, Dragon Knight, Earthshaker, Ember Spirit, Nature's Prophet, Phoenix;Ancient Apparition, Beastmaster, Dazzle, Omniknight, Oracle, Necrophos, Pugna, Terrorblade, Witch Doctor
Invoker;Anti-Mage, Broodmother, Doom, Faceless Void, Juggernaut, Kunkka, Lifestealer, Night Stalker, Nyx Assassin, Outworld Destroyer, Queen of Pain, Silencer, Storm Spirit, Templar Assassin, Viper;Huskar, Legion Commander, Medusa, Necrophos, Pugna, Tinker, Wraith King;Bloodseeker, Dark Seer, Disruptor, Luna, Magnus, Nature's Prophet, Faceless Void, Legion Commander
Io;Ancient Apparition, Bloodseeker, Bristleback, Clinkz, Disruptor, Grimstroke, Legion Commander, Leshrac, Lich, Luna, Phantom Assassin, Sniper, Spirit Breaker, Treant Protector, Winter Wyvern;Drow Ranger, Meepo, Nature's Prophet, Phoenix, Pudge, Underlord;Chaos Knight, Gyrocopter, Juggernaut, Legion Commander, Lifestealer, Phantom Assassin, Spirit Breaker, Sven, Tiny, Ursa
Jakiro;Anti-Mage, Clockwerk, Lifestealer, Oracle, Rubick, Silencer, Skywrath Mage;Axe, Broodmother, Chen, Chaos Knight, Meepo, Nature's Prophet, Phantom Lancer, Riki, Templar Assassin, Treant Protector;Dark Seer, Faceless Void, Kunkka, Magnus, Shadow Demon, Treant Protector
Juggernaut;Axe, Bane, Chaos Knight, Enigma, Pugna, Omniknight, Outworld Destroyer, Ursa, Pudge, Legion Commander, Windranger;Dark Willow, Enchantress, Invoker, Keeper of the Light, Necrophos, Nyx Assassin, Phoenix, Templar Assassin, Zeus;Crystal Maiden, Lich, Dazzle, Axe, Shadow Shaman, Venomancer, Zeus
Keeper of the Light;Legion Commander, Lifestealer, Night Stalker, Nyx Assassin;Monkey King, Wraith King;Mars, Medusa, Lina, Luna, Pudge
Kunkka;Clinkz, Ursa, Silencer, Mirana, Phoenix, Omniknight, Huskar, Juggernaut, Lifestealer, Sniper, Outworld Destroyer;Chaos Knight, Broodmother, Lycan, Meepo, Phantom Lancer, Queen of Pain, Spectre, Sand King, Warlock;Dark Seer, Faceless Void, Huskar, Invoker, Lifestealer, Slark, Warlock
Legion Commander;Abaddon, Arc Warden, Bane, Dazzle, Dragon Knight, Io, Luna, Mars, Medusa, Omniknight, Oracle, Pangolier, Pugna, Razor, Skywrath Mage, Sven, Treant Protector, Underlord, Ursa, Visage, Vengeful Spirit, Winter Wyvern;Anti-Mage, Bristleback, Broodmother, Chen, Clinkz, Drow Ranger, Huskar, Nyx Assassin, Sniper, Terrorblade, Weaver;Ancient Apparition, Disruptor, Invoker, Lifestealer, Mirana, Shadow Fiend, Silencer, Skywrath Mage, Ursa, Witch Doctor, Zeus
Leshrac;Pugna, Anti-Mage, Clockwerk, Lifestealer, Nyx Assassin, Oracle;Meepo, Visage, Chen, Broodmother, Io, Shadow Demon, Phantom Lancer;Dark Seer, Enigma, Magnus, Oracle
Lich;Anti-Mage, Bloodseeker, Broodmother, Huskar, Lycan, Nature's Prophet, Phantom Assassin, Queen of Pain, Weaver;Meepo, Chaos Knight, Lone Druid;Magnus, Warlock, Treant Protector, Witch Doctor, Faceless Void, Enigma, Axe, Grimstroke
Lifestealer;Ancient Apparition, Bane, Beastmaster, Chaos Knight, Clinkz, Terrorblade, Phantom Lancer, Slark, Ursa, Weaver, Windranger;Axe, Dark Willow, Invoker, Techies, Tinker, Ogre Magi;Clockwerk, Queen of Pain, Riki, Slardar, Spirit Breaker, Storm Spirit, Beastmaster
Lina;Anti-Mage, Faceless Void, Lifestealer, Nyx Assassin, Phantom Lancer, Silencer, Slark, Spectre, Sven, Viper, Razor;Ancient Apparition, Clinkz, Crystal Maiden, Dazzle, Enchantress, Meepo, Mirana, Morphling, Necrophos, Pudge, Treant Protector, Venomancer;Shadow Demon, Sven, Pugna, Bane, Grimstroke
Lion;Abaddon, Lifestealer, Puck, Rubick, Slark, Nyx Assassin, Tidehunter;Drow Ranger, Ember Spirit, Enchantress, Medusa, Phantom Assassin, Weaver, Wraith King;Pugna, Anti-Mage, Centaur Warrunner, Leshrac, Tinker, Ursa
Lone Druid;Phantom Assassin, Bristleback, Necrophos, Grimstroke, Outworld Destroyer, Underlord, Winter Wyvern, Lich, Tinker, Death Prophet, Phoenix;Nature's Prophet, Silencer;Beastmaster, Lycan, Ogre Magi, Omniknight
Luna;Bristleback, Broodmother, Juggernaut, Lina, Meepo, Phantom Lancer, Pudge, Sniper, Slark, Techies, Tinker, Zeus;Arc Warden, Bane, Bounty Hunter, Chen, Enchantress, Legion Commander, Lifestealer, Magnus, Necrophos, Pugna, Riki, Tidehunter, Underlord, Winter Wyvern;Crystal Maiden, Keeper of the Light, Night Stalker, Vengeful Spirit, Shadow Demon
Lycan;Axe, Beastmaster, Bloodseeker, Bristleback, Earthshaker, Enigma, Enchantress, Grimstroke, Kunkka, Medusa, Omniknight, Phantom Assassin, Sven, Tidehunter, Timbersaw, Winter Wyvern;Lich, Techies, Arc Warden, Drow Ranger, Ursa;Beastmaster, Chen, Nature's Prophet
Magnus;Alchemist, Bloodseeker, Disruptor, Huskar, Jakiro, Night Stalker, Phoenix, Razor, Rubick, Sniper, Spectre, Treant Protector, Tinker, Venomancer, Wraith King, Zeus;Chaos Knight, Meepo, Lifestealer, Phantom Lancer;Snapfire, Anti-Mage, Enigma, Invoker, Phantom Assassin, Sven, Troll Warlord, Kunkka, Tiny
Mars;Axe, Riki, Batrider, Faceless Void, Huskar, Lina, Necrophos, Ogre Magi, Outworld Destroyer, Pugna, Shadow Fiend, Storm Spirit, Underlord, Undying, Venomancer, Viper, Zeus;Bloodseeker, Juggernaut, Legion Commander, Phantom Assassin, Slark, Spectre, Terrorblade, Weaver;Dark Seer, Huskar, Crystal Maiden, Disruptor, Keeper of the Light, Kunkka, Lich, Monkey King, Phoenix, Riki, Sven
Medusa;Anti-Mage, Arc Warden, Bane, Broodmother, Invoker, Keeper of the Light, Nyx Assassin, Phantom Lancer, Pugna, Riki, Slark, Sniper, Ursa;Enchantress, Lifestealer, Necrophos, Sven, Undying, Lycan, Enigma, Meepo, Axe, Visage, Spectre;Axe, Earthshaker, Keeper of the Light, Lich, Phoenix, Shadow Demon
Meepo;Axe, Earthshaker, Elder Titan, Ember Spirit, Kunkka, Lion, Mars, Monkey King, Pangolier, Phantom Assassin, Sven, Techies, Venomancer, Viper, Winter Wyvern;Anti-Mage, Legion Commander, Phantom Lancer, Phoenix, Queen of Pain, Shadow Demon, Spirit Breaker, Storm Spirit;Disruptor, Kunkka, Silencer, Sven, Dazzle
Mirana;Abaddon, Arc Warden, Bloodseeker, Lina, Lycan, Meepo, Night Stalker, Puck, Slark, Windranger;Crystal Maiden, Drow Ranger, Techies, Witch Doctor;Axe, Bane, Batrider, Clockwerk, Shadow Demon, Sven, Underlord
Monkey King;Batrider, Beastmaster, Bounty Hunter, Brewmaster, Clockwerk, Dark Willow, Disruptor, Drow Ranger, Earth Spirit, Enchantress, Enigma, Huskar, Keeper of the Light, Lina, Magnus, Mars, Pangolier, Phantom Assassin, Pudge, Queen of Pain, Slardar, Spectre, Spirit Breaker, Storm Spirit, Techies, Timbersaw, Vengeful Spirit, Venomancer, Viper, Visage, Warlock, Windranger;Alchemist, Faceless Void, Omniknight, Meepo, Nature's Prophet, Shadow Fiend, Spectre, Silencer, Timbersaw, Underlord, Skywrath Mage, Witch Doctor;Beastmaster, Crystal Maiden, Dark Seer, Elder Titan, Keeper of the Light, Magnus, Mars, Nature's Prophet, Oracle, Puck, Treant Protector
Morphling;Ancient Apparition, Anti-Mage, Arc Warden, Earth Spirit, Elder Titan, Lion, Meepo, Mirana, Outworld Destroyer, Rubick, Skywrath Mage;Lifestealer, Bloodseeker, Clockwerk, Drow Ranger, Lone Druid, Phantom Assassin, Razor, Sniper;Drow Ranger, Earthshaker, Tiny, Pugna, Keeper of the Light, Crystal Maiden
Naga Siren;Axe, Batrider, Earthshaker, Lion, Outworld Destroyer, Timbersaw, Zeus, Gyrocopter, Snapfire, Leshrac;Abaddon, Omniknight, Nature's Prophet, Legion Commander, Templar Assassin, Crystal Maiden, Chen, Bounty Hunter, Viper, Night Stalker, Arc Warden, Sniper, Rubick, Lone Druid;Dazzle, Disruptor, Kunkka, Razor, Tidehunter
Nature's Prophet;Batrider, Broodmother, Clockwerk, Death Prophet, Doom, Earthshaker, Elder Titan, Ember Spirit, Jakiro, Lina, Luna, Meepo, Naga Siren, Sand King, Shadow Shaman, Spectre, Spirit Breaker, Storm Spirit, Timbersaw, Tinker, Underlord, Visage;Lich, Monkey King, Techies, Treant Protector, Venomancer, Weaver;Bloodseeker, Invoker, Lycan, Windranger, Timbersaw, Riki, Mars, Zeus
Necrophos;Ancient Apparition, Silencer, Nyx Assassin, Dazzle, Lina, Lion, Meepo, Oracle, Phantom Lancer, Rubick, Shadow Demon, Wraith King;Axe, Bristleback, Huskar, Phoenix, Pudge, Sven, Tidehunter;Abaddon, Axe, Earthshaker, Legion Commander, Oracle, Pugna
Night Stalker;Chaos Knight, Lycan, Naga Siren, Phantom Lancer, Sven, Troll Warlord;Storm Spirit, Puck, Clinkz, Earthshaker, Keeper of the Light, Tinker, Riki, Slark;Oracle, Luna, Magnus
Nyx Assassin;Bounty Hunter, Bloodseeker, Brewmaster, Doom, Juggernaut, Visage, Lifestealer, Lycan, Slardar;Crystal Maiden, Enchantress, Enigma, Ember Spirit, Medusa, Outworld Destroyer, Phoenix, Puck, Pugna, Sniper, Storm Spirit, Tinker;Invoker, Legion Commander, Lifestealer, Bloodseeker
Ogre Magi;Chaos Knight, Doom, Lifestealer, Meepo, Phantom Lancer, Omniknight, Oracle, Slark, Viper;Earthshaker, Io, Nature's Prophet, Templar Assassin, Weaver;Grimstroke, Juggernaut, Shadow Fiend, Sniper, Sven, Wraith King
Omniknight;Brewmaster, Doom, Invoker, Luna, Naga Siren, Oracle, Outworld Destroyer, Rubick, Silencer, Sven;Axe, Chaos Knight, Death Prophet, Juggernaut, Legion Commander, Winter Wyvern;Clockwerk, Crystal Maiden, Keeper of the Light, Pudge, Storm Spirit
Oracle;Anti-Mage, Axe, Bristleback, Faceless Void, Shadow Demon, Spectre;Ember Spirit, Legion Commander, Dark Willow, Omniknight, Rubick, Ancient Apparition, Silencer, Phoenix, Necrophos, Dark Seer, Techies;Alchemist, Ancient Apparition, Death Prophet, Huskar, Io, Legion Commander, Monkey King, Shadow Demon, Timbersaw, Ursa, Leshrac, Troll Warlord, Necrophos
Outworld Devourer;Nyx Assassin, Rubick, Silencer, Sniper, Templar Assassin;Anti-Mage, Axe, Huskar, Legion Commander, Winter Wyvern, Morphling, Timbersaw, Wraith King;Ogre Magi, Silencer
Pangolier;Bloodseeker, Centaur Warrunner, Faceless Void, Grimstroke, Medusa, Outworld Destroyer, Puck, Slark, Spirit Breaker, Tusk;Arc Warden, Broodmother, Meepo, Phantom Lancer, Templar Assassin, Visage;Abaddon, Batrider, Clockwerk, Dark Seer, Earth Spirit, Jakiro, Keeper of the Light, Undying
Phantom Assassin;Axe, Bane, Broodmother, Centaur Warrunner, Dragon Knight, Lina, Lion, Morphling, Omniknight, Phoenix, Puck, Razor, Skywrath Mage, Spectre, Timbersaw, Tinker, Troll Warlord, Viper;Anti-Mage, Crystal Maiden, Dazzle, Nature's Prophet, Riki, Sniper;Ancient Apparition, Beastmaster, Magnus, Omniknight, Slardar, Vengeful Spirit
Phantom Lancer;Axe, Batrider, Bristleback, Centaur Warrunner, Dragon Knight, Earthshaker, Ember Spirit, Grimstroke, Gyrocopter, Hoodwink, Jakiro, Kunkka, Legion Commander, Leshrac, Meepo, Magnus, Pangolier, Phoenix, Puck, Razor, Sand King, Storm Spirit, Sven, Tidehunter, Timbersaw, Void Spirit, Witch Doctor;Arc Warden, Bounty Hunter, Chaos Knight, Clockwerk, Disruptor, Lifestealer, Lone Druid, Pugna, Shadow Demon, Slark, Templar Assassin, Undying, Viper, Visage, Wraith King;Bane, Crystal Maiden, Dazzle, Jakiro, Keeper of the Light, Oracle, Shadow Shaman, Slardar, Spirit Breaker, Undying, Venomancer
Phoenix;Night Stalker, Arc Warden, Huskar, Ursa, Silencer, Meepo, Bloodseeker, Viper, Necrophos, Snapfire;Templar Assassin, Phantom Assassin, Legion Commander, Monkey King, Chen, Earthshaker, Ancient Apparition, Shadow Demon;Enigma, Faceless Void, Invoker, Keeper of the Light, Lifestealer, Sven, Tinker, Treant Protector, Warlock
Puck;Arc Warden, Faceless Void, Jakiro, Lycan, Night Stalker, Nyx Assassin, Silencer, Templar Assassin, Venomancer, Wraith King;Void Spirit, Pangolier, Crystal Maiden, Mirana, Phoenix, Sniper, Terrorblade;Dark Willow, Magnus, Enigma, Invoker, Kunkka, Phoenix, Witch Doctor
Pudge;Abaddon, Anti-Mage, Bristleback, Bounty Hunter, Dazzle, Doom, Legion Commander, Lifestealer, Mirana, Monkey King, Necrophos, Night Stalker, Nyx Assassin, Outworld Destroyer, Slardar, Slark, Tidehunter, Timbersaw, Weaver;Bloodseeker, Crystal Maiden, Drow Ranger, Luna, Sniper, Spectre, Techies, Tinker, Zeus;Techies, Pugna, Outworld Destroyer, Lifestealer, Tiny, Crystal Maiden, Bloodseeker, Omniknight
Pugna;Nyx Assassin, Clockwerk, Sniper, Phantom Lancer, Anti-Mage, Luna, Oracle, Storm Spirit;Enchantress, Juggernaut, Outworld Destroyer, Timbersaw, Leshrac, Legion Commander, Shadow Fiend, Faceless Void, Invoker, Skywrath Mage, Troll Warlord;Grimstroke, Io, Legion Commander, Necrophos, Medusa, Phoenix, Skywrath Mage, Shadow Shaman
Queen of Pain;Anti-Mage, Arc Warden, Axe, Bloodseeker, Centaur Warrunner, Death Prophet, Disruptor, Faceless Void, Legion Commander, Luna, Meepo, Night Stalker, Nyx Assassin, Puck, Shadow Shaman, Skywrath Mage;Drow Ranger, Enchantress, Huskar, Slark;Axe, Dark Seer, Enigma, Faceless Void, Lifestealer, Magnus, Omniknight
Razor;Anti-Mage, Chaos Knight, Centaur Warrunner, Earth Spirit, Huskar, Necrophos, Outworld Destroyer, Queen of Pain, Slark, Sniper, Viper, Weaver;Bristleback, Earthshaker, Lifestealer, Monkey King, Phantom Assassin, Phantom Lancer, Spirit Breaker, Troll Warlord, Windranger;Death Prophet, Shadow Demon, Outworld Destroyer, Bane, Naga Siren, Winter Wyvern
Riki;Axe, Bounty Hunter, Bristleback, Legion Commander, Meepo, Omniknight, Razor, Slardar, Spectre, Underlord, Viper, Zeus;Anti-Mage, Chen, Clinkz, Crystal Maiden, Drow Ranger, Lifestealer, Mars, Queen of Pain, Storm Spirit, Skywrath Mage, Sniper, Ursa, Weaver;Faceless Void, Lifestealer, Meepo, Dark Seer, Magnus, Enigma, Axe
Rubick;Bristleback, Broodmother, Clinkz, Legion Commander, Phantom Lancer, Riki, Shadow Fiend, Silencer, Slark, Wraith King;Crystal Maiden, Earthshaker, Enigma, Invoker, Kunkka, Lich, Lina, Lion, Luna, Magnus, Medusa, Morphling, Omniknight, Winter Wyvern, Witch Doctor;Alchemist, Crystal Maiden, Morphling
Sand King;Earth Spirit, Phoenix, Rubick, Silencer, Tidehunter, Zeus;Broodmother, Meepo, Nature's Prophet, Phantom Assassin, Slark, Templar Assassin;Crystal Maiden, Keeper of the Light, Tidehunter, Tiny, Monkey King, Warlock, Earthshaker
Shadow Demon;Ember Spirit, Leshrac, Lina, Lion, Puck, Pugna, Queen of Pain, Storm Spirit, Witch Doctor, Wraith King;Alchemist, Venomancer, Anti-Mage, Dark Seer, Legion Commander, Omniknight, Spectre, Juggernaut, Luna, Techies, Windranger;Ancient Apparition, Dazzle, Terrorblade, Razor
Shadow Fiend;Axe, Razor, Bane, Bounty Hunter, Disruptor, Doom, Dragon Knight, Luna, Night Stalker, Pugna, Sniper, Spirit Breaker, Tinker, Ursa, Tidehunter, Viper, Zeus;Clockwerk, Meepo, Nature's Prophet, Silencer, Slark;Bane, Clockwerk, Enigma, Legion Commander, Magnus, Slardar, Tidehunter, Vengeful Spirit
Shadow Shaman;Dragon Knight, Mirana, Morphling, Riki, Wraith King, Visage;Huskar, Nature's Prophet, Spirit Breaker, Templar Assassin, Terrorblade, Weaver;Juggernaut, Ursa, Troll Warlord, Pugna, Legion Commander, Monkey King
Silencer;Broodmother, Dragon Knight, Lycan, Nyx Assassin, Phantom Assassin, Phantom Lancer, Slark, Sniper, Ursa;Bristleback, Crystal Maiden, Enigma, Medusa, Oracle, Outworld Destroyer, Pugna, Shadow Demon, Timbersaw, Tinker, Windranger, Zeus;Slardar, Crystal Maiden, Anti-Mage, Pudge, Outworld Destroyer
Skywrath Mage;Anti-Mage, Huskar, Abaddon, Pugna, Nyx Assassin, Wraith King;Timbersaw, Storm Spirit, Enchantress, Alchemist, Vengeful Spirit, Winter Wyvern;Faceless Void, Undying, Centaur Warrunner, Pugna, Silencer, Legion Commander
Slardar;Oracle, Abaddon, Phantom Lancer, Meepo;Riki, Clinkz, Bounty Hunter, Weaver, Shadow Fiend, Alchemist, Legion Commander, Pudge;Bounty Hunter, Vengeful Spirit, Shadow Fiend, Alchemist, Lifestealer, Phantom Assassin, Templar Assassin
Slark;Ancient Apparition, Axe, Bloodseeker, Centaur Warrunner, Chaos Knight, Disruptor, Earthshaker, Meepo, Omniknight, Outworld Destroyer, Phantom Lancer, Puck, Spectre, Tiny;Arc Warden, Drow Ranger, Luna, Medusa, Phantom Assassin, Sniper, Spectre, Storm Spirit, Templar Assassin, Warlock;Bane, Earthshaker, Luna, Magnus, Kunkka, Omniknight, Skywrath Mage, Underlord, Witch Doctor
Snapfire;Anti-Mage, Silencer, Nyx Assassin, Ancient Apparition, Juggernaut, Abaddon, Pudge;Chen, Clockwerk, Phantom Lancer, Phoenix, Omniknight, Faceless Void;Faceless Void, Oracle, Warlock, Mars
Sniper;Axe, Bloodseeker, Bounty Hunter, Centaur Warrunner, Clockwerk, Ember Spirit, Invoker, Lifestealer, Omniknight, Phantom Assassin, Phantom Lancer, Pudge, Slardar, Slark, Spectre, Spirit Breaker, Storm Spirit, Tusk, Viper, Weaver;Drow Ranger, Earthshaker, Enigma, Medusa, Silencer, Shadow Fiend, Undying;Grimstroke, Ogre Magi, Lich, Bloodseeker
Spectre;Anti-Mage, Doom, Juggernaut, Lion, Lycan, Meepo, Necrophos, Omniknight, Pugna, Riki, Shadow Shaman, Storm Spirit, Terrorblade, Undying, Venomancer, Viper, Winter Wyvern;Ancient Apparition, Clinkz, Crystal Maiden, Drow Ranger, Earthshaker, Lina, Magnus, Nature's Prophet, Oracle, Phantom Assassin, Rubick, Sniper, Tinker, Windranger, Zeus;Bloodseeker, Bounty Hunter, Chen, Clockwerk, Earthshaker, Enigma, Leshrac, Magnus, Outworld Destroyer, Treant Protector, Warlock, Pudge
Spirit Breaker;Omniknight, Clockwerk, Ember Spirit, Outworld Destroyer, Enigma, Invoker, Medusa, Phoenix, Meepo, Razor, Treant Protector, Underlord, Undying;Anti-Mage, Clinkz, Nature's Prophet, Tinker;Bloodseeker, Bounty Hunter, Io, Lifestealer, Dark Seer, Snapfire
Storm Spirit;Anti-Mage, Doom, Ember Spirit, Night Stalker, Nyx Assassin, Riki, Silencer, Techies;Ancient Apparition, Arc Warden, Bloodseeker, Mars, Monkey King, Phantom Lancer, Razor, Sniper, Spectre, Terrorblade, Tinker, Vengeful Spirit, Viper, Weaver;Keeper of the Light, Omniknight, Lifestealer
Sven;Clockwerk, Lifestealer, Pugna, Razor, Omniknight, Spectre, Troll Warlord, Terrorblade, Templar Assassin, Venomancer, Winter Wyvern, Wraith King;Anti-Mage, Broodmother, Juggernaut, Chaos Knight, Chen, Death Prophet, Doom, Meepo, Pangolier, Phantom Lancer, Warlock;Crystal Maiden, Dark Seer, Enigma, Io, Lion, Magnus, Oracle, Shadow Shaman
Techies;Abaddon, Anti-Mage, Batrider, Beastmaster, Chen, Death Prophet, Juggernaut, Lifestealer, Night Stalker, Oracle, Templar Assassin, Visage, Wraith King, Zeus;Ember Spirit, Meepo, Monkey King, Morphling, Tinker;Batrider, Crystal Maiden, Magnus, Pugna, Tusk
Templar Assassin;Arc Warden, Venomancer, Windranger, Viper, Dragon Knight, Pudge, Huskar, Razor, Pugna;Shadow Fiend, Zeus, Puck;Slardar, Elder Titan, Vengeful Spirit
Terrorblade;Drow Ranger, Earth Spirit, Axe, Elder Titan, Ursa, Lina, Dark Seer, Shadow Shaman, Ember Spirit, Dazzle, Necrophos, Outworld Destroyer, Razor, Tinker, Zeus, Timbersaw, Morphling, Storm Spirit, Sven, Skywrath Mage;Ancient Apparition, Bane, Viper, Techies, Shadow Fiend, Pudge, Anti-Mage, Sniper, Lifestealer, Witch Doctor;Dazzle, Oracle, Shadow Demon, Necrophos
Tidehunter;Anti-Mage, Nyx Assassin, Razor, Rubick, Slark, Ursa;Bane, Batrider, Shadow Fiend, Phantom Lancer, Windranger;Underlord, Earthshaker, Elder Titan, Shadow Fiend
Timbersaw;Bane, Doom, Ember Spirit, Faceless Void, Invoker, Lion, Necrophos, Outworld Destroyer, Pangolier, Pugna, Shadow Shaman, Skywrath Mage, Silencer, Storm Spirit, Viper, Zeus;Broodmother, Axe, Chaos Knight, Meepo, Monkey King, Nature's Prophet, Phantom Assassin, Phantom Lancer, Razor, Slark, Terrorblade, Treant Protector;Bounty Hunter, Crystal Maiden, Enigma, Magnus, Faceless Void
Tinker;Anti-Mage, Clockwerk, Dazzle, Doom, Legion Commander, Lifestealer, Luna, Night Stalker, Nyx Assassin, Pudge, Silencer, Slark, Storm Spirit, Vengeful Spirit, Zeus, Pugna, Kunkka;Bloodseeker, Chaos Knight, Faceless Void, Shadow Fiend, Terrorblade, Timbersaw;Faceless Void, Kunkka, Nature's Prophet, Spirit Breaker, Bloodseeker, Keeper of the Light, Bounty Hunter, Slardar
Tiny;Bristleback, Juggernaut, Lifestealer, Lion, Necrophos, Slardar, Viper;Broodmother, Meepo, Naga Siren;Bloodseeker, Earthshaker, Io, Magnus, Enigma, Slardar, Tidehunter, Pudge
Treant Protector;Monkey King, Phantom Lancer, Rubick, Slardar, Timbersaw;Spirit Breaker, Anti-Mage, Lycan, Storm Spirit, Drow Ranger, Phantom Assassin;Keeper of the Light, Crystal Maiden, Mirana, Nature's Prophet, Pudge, Sven, Warlock
Troll Warlord;Axe, Bane, Chaos Knight, Crystal Maiden, Lich, Oracle, Outworld Destroyer, Razor, Sniper, Timbersaw, Underlord, Winter Wyvern;Anti-Mage, Enchantress, Huskar, Juggernaut, Lifestealer, Phantom Assassin, Phoenix, Sven, Undying;Ogre Magi, Slardar, Vengeful Spirit
Tusk;Anti-Mage, Disruptor, Earth Spirit, Earthshaker, Phantom Lancer, Razor, Techies;Bane, Bloodseeker, Crystal Maiden, Legion Commander, Pugna, Shadow Fiend, Sniper, Venomancer, Viper, Monkey King;Omniknight, Axe, Juggernaut, Legion Commander, Lifestealer, Tidehunter, Tiny, Meepo
Underlord;Necrophos, Razor, Luna, Disruptor, Kunkka, Doom, Sniper, Outworld Destroyer, Winter Wyvern, Rubick, Shadow Fiend, Ursa;Drow Ranger, Legion Commander, Templar Assassin, Phantom Lancer;Disruptor, Dragon Knight, Elder Titan, Leshrac, Mirana, Riki, Rubick, Timbersaw, Vengeful Spirit
Undying;Alchemist, Earthshaker, Gyrocopter, Luna, Necrophos, Silencer;Nature's Prophet, Spectre, Ogre Magi, Centaur Warrunner, Winter Wyvern, Sven, Bristleback;Broodmother, Crystal Maiden, Morphling, Naga Siren, Pugna, Warlock, Winter Wyvern, Lich, Witch Doctor
Ursa;Anti-Mage, Bane, Doom, Lion, Riki, Slark, Storm Spirit, Templar Assassin, Viper, Weaver, Windranger;Lifestealer, Lina, Timbersaw, Huskar, Medusa, Bristleback, Underlord, Pudge;Io, Disruptor, Shadow Shaman, Lion, Bane
Vengeful Spirit;Anti-Mage, Lina, Nyx Assassin, Phantom Lancer, Rubick, Spirit Breaker, Tidehunter, Viper;Batrider, Clockwerk, Faceless Void, Huskar, Meepo, Monkey King;Techies, Shadow Fiend, Slardar, Drow Ranger, Mirana, Bloodseeker, Crystal Maiden, Weaver
Venomancer;Abaddon, Anti-Mage, Huskar, Legion Commander, Oracle, Rubick, Slark, Terrorblade, Underlord, Wraith King;Axe, Earthshaker, Magnus, Mars, Monkey King, Spectre, Templar Assassin, Techies, Windranger;Ancient Apparition, Undying, Viper
Viper;Broodmother, Chaos Knight, Invoker, Lifestealer, Phantom Lancer, Pugna, Rubick, Terrorblade, Weaver, Windranger, Wraith King;Abaddon, Axe, Bristleback, Dragon Knight, Earthshaker, Huskar, Magnus, Mars, Monkey King, Necrophos, Nyx Assassin, Razor, Slark, Spectre, Templar Assassin, Tidehunter, Vengeful Spirit, Venomancer, Visage, Zeus;Abaddon, Beastmaster, Clockwerk, Crystal Maiden, Dark Seer, Dazzle, Drow Ranger, Earth Spirit, Faceless Void, Lich, Luna, Necrophos, Ogre Magi, Slardar, Treant Protector
Visage;Axe, Doom, Luna, Phoenix, Tidehunter, Timbersaw, Tiny, Venomancer, Viper;Clockwerk, Nature's Prophet, Puck, Pudge, Shadow Shaman, Spectre, Techies;Slardar, Lifestealer, Beastmaster, Elder Titan
Void Spirit;Bane, Bloodseeker, Death Prophet, Bounty Hunter, Doom, Ember Spirit, Meepo, Puck, Queen of Pain, Slardar, Templar Assassin, Viper;Broodmother, Terrorblade, Gyrocopter, Morphling, Monkey King, Windranger;Keeper of the Light, Pudge, Pugna, Bane, Bloodseeker
Warlock;Weaver, Anti-Mage, Bloodseeker, Silencer, Dark Seer, Ember Spirit, Lycan, Ancient Apparition, Nyx Assassin, Sven;Huskar, Meepo, Templar Assassin, Shadow Fiend, Enigma;Sven, Bloodseeker, Axe, Dark Seer, Kunkka, Magnus, Enigma, Silencer, Spectre
Weaver;Axe, Bloodseeker, Drow Ranger, Faceless Void, Night Stalker, Nyx Assassin, Skywrath Mage, Slardar, Zeus;Ancient Apparition, Brewmaster, Lifestealer, Undying, Pudge, Sven, Ursa, Wraith King;Crystal Maiden, Alchemist, Vengeful Spirit
Windranger;Axe, Bloodseeker, Centaur Warrunner, Nyx Assassin, Ember Spirit, Morphling, Razor, Spectre, Sven;Earthshaker, Huskar, Hoodwink, Phantom Assassin, Pudge, Ursa;Nature's Prophet, Hoodwink
Winter Wyvern;Ancient Apparition, Invoker, Luna, Naga Siren, Omniknight, Outworld Destroyer, Pugna, Skywrath Mage, Slark, Timbersaw, Tinker, Undying;Beastmaster, Chaos Knight, Lycan, Legion Commander, Meepo, Troll Warlord;Dark Seer, Enigma, Magnus, Venomancer, Invoker
Witch Doctor;Faceless Void, Kunkka, Lina, Luna, Morphling, Omniknight, Oracle, Pudge, Riki, Rubick, Silencer, Tidehunter, Vengeful Spirit;Bloodseeker, Lone Druid, Lycan, Monkey King, Venomancer, Viper;Enigma, Faceless Void, Lich, Magnus, Underlord, Undying
Wraith King;Anti-Mage, Broodmother, Chaos Knight, Juggernaut, Invoker, Lion, Monkey King, Phantom Lancer, Riki, Slark, Terrorblade, Weaver;Bloodseeker, Doom, Legion Commander, Necrophos, Rubick, Techies, Witch Doctor, Pudge;Bloodseeker, Ogre Magi
Zeus;Anti-Mage, Faceless Void, Chaos Knight, Juggernaut, Lifestealer, Meepo, Pudge, Pugna, Silencer, Templar Assassin, Ursa, Viper;Slardar, Enchantress, Timbersaw, Bounty Hunter, Winter Wyvern, Lich, Necrophos, Tinker;Ancient Apparition, Bloodseeker, Dazzle, Tidehunter
